{
	"metadata" : {
		"formatVersion" : 3,
		"description" : "Exported from LibZinc."
	},

	"materials" : [ {
	"DbgColor" : 15658734,
	"DbgIndex" : 0,
	"DbgName" : "my_material",
	"colorDiffuse" : [0.75, 0.75, 0.75],
	"colorSpecular" : [0.1, 0.1, 0.1],
	"shading" : "Phong",
	"specularCoef" : 20,
	"opacity" : 1,
	"vertexColors" : true
	}],

	"vertices" : [
		-0.375135,-1.528050,-35.957825,-0.625108,-1.748596,-36.075611,-0.375135,-1.972483,-36.186913,-0.125161,-1.751938,-36.069126,-0.375135,-1.528050,-35.957825,-0.461918,-3.495352,-31.044561,-0.711491,-3.733792,-31.121111,-0.461152,-3.974190,-31.188482,-0.211579,-3.735750,-31.111933,-0.461918,-3.495352,-31.044561,
		-0.560974,-4.284614,-27.134773,-0.810805,-4.533976,-27.154840,-0.560974,-4.784138,-27.156574,-0.311142,-4.534776,-27.136507,-0.560974,-4.284614,-27.134773,-0.560974,-4.284614,-27.134773,-0.810805,-4.533976,-27.154840,-0.560974,-4.784138,-27.156574,-0.311142,-4.534776,-27.136507,-0.560974,-4.284614,-27.134773,
		-0.637285,-4.383666,-24.293282,-0.887293,-4.633540,-24.300951,-0.637366,-4.883613,-24.300522,-0.387358,-4.633739,-24.292852,-0.637285,-4.383666,-24.293282,-0.658344,-4.309564,-20.983892,-0.908344,-4.559124,-20.969069,-0.658344,-4.808724,-20.954912,-0.408344,-4.559164,-20.969736,-0.658344,-4.309564,-20.983892,
		-0.658344,-4.309564,-20.983892,-0.908344,-4.559124,-20.969069,-0.658344,-4.808724,-20.954912,-0.408344,-4.559164,-20.969736,-0.658344,-4.309564,-20.983892,-0.599402,-3.955024,-16.921577,-0.849172,-4.203714,-16.893864,-0.599033,-4.452915,-16.875702,-0.349263,-4.204224,-16.903416,-0.599402,-3.955024,-16.921577,
		-0.559460,-3.724708,-12.658854,-0.809437,-3.974702,-12.662645,-0.559431,-4.224695,-12.662405,-0.309454,-3.974702,-12.658613,-0.559460,-3.724708,-12.658854,-0.809437,-3.974702,-12.662645,-0.559431,-4.224695,-12.662405,-0.309454,-3.974702,-12.658613,-0.559460,-3.724708,-12.658854,-0.809437,-3.974702,-12.662645,
		-0.899118,-4.387218,-8.590321,-0.648740,-4.634673,-8.623138,-0.399374,-4.388820,-8.574427,-0.649752,-4.141366,-8.541609,-0.899118,-4.387218,-8.590321,-1.038550,-5.045087,-4.534928,-0.788678,-5.294124,-4.558266,-0.538806,-5.047089,-4.519055,-0.788678,-4.798052,-4.495717,-1.038550,-5.045087,-4.534928,
		-0.788678,-4.798052,-4.495717,-1.038550,-5.045087,-4.534928,-0.788678,-5.294124,-4.558266,-0.538806,-5.047089,-4.519055,-0.788678,-4.798052,-4.495717,-0.907861,-5.244252,-0.474369,-1.158201,-5.493017,-0.495483,-0.908640,-5.743202,-0.506753,-0.658300,-5.494437,-0.485639,-0.907861,-5.244252,-0.474369,
		-0.889039,-5.070147,3.257909,-1.138849,-5.313300,3.316827,-0.889039,-5.560299,3.356653,-0.639229,-5.317146,3.297735,-0.889039,-5.070147,3.257909,-0.889039,-5.070147,3.257909,-1.138849,-5.313300,3.316827,-0.889039,-5.560299,3.356653,-0.639229,-5.317146,3.297735,-0.889039,-5.070147,3.257909,
		-0.733209,-3.872140,6.613256,-0.981974,-4.091692,6.735373,-0.731160,-4.318597,6.838360,-0.482394,-4.099045,6.716243,-0.733209,-3.872140,6.613256,-0.631620,-1.951906,9.795676,-0.881611,-2.158227,9.936872,-0.631620,-2.366858,10.074630,-0.381628,-2.160537,9.933434,-0.631620,-1.951906,9.795676,
		-0.631620,-1.951906,9.795676,-0.881611,-2.158227,9.936872,-0.631620,-2.366858,10.074630,-0.381628,-2.160537,9.933434,-0.631620,-1.951906,9.795676,-0.428836,0.310384,13.222305,-0.678085,0.107204,13.369249,-0.428366,-0.112677,13.488800,-0.179116,0.090503,13.341856,-0.428836,0.310384,13.222305,
		-0.258841,2.651998,17.329536,-0.508835,2.428262,17.441093,-0.258841,2.206048,17.555653,-0.008846,2.429784,17.444096,-0.258841,2.651998,17.329536,-0.258841,2.651998,17.329536,-0.508835,2.428262,17.441093,-0.258841,2.206048,17.555653,-0.008846,2.429784,17.444096,-0.258841,2.651998,17.329536,
		-0.283311,1.750597,21.481333,-0.531089,1.561766,21.314154,-0.278916,1.372754,21.153894,-0.031137,1.561584,21.321074,-0.283311,1.750597,21.481333,-0.429179,-0.928408,24.620586,-0.678349,-1.149606,24.502323,-0.429179,-1.387018,24.421394,-0.180009,-1.165821,24.539658,-0.429179,-0.928408,24.620586,
		-0.429179,-0.928408,24.620586,-0.678349,-1.149606,24.502323,-0.429179,-1.387018,24.421394,-0.180009,-1.165821,24.539658,-0.429179,-0.928408,24.620586,-0.627885,-1.821996,28.520128,-0.877581,-2.071521,28.500391,-0.627509,-2.321409,28.495916,-0.377814,-2.071884,28.515654,-0.627885,-1.821996,28.520128,
		-0.733507,-0.938483,32.049450,-0.983405,-1.131142,32.208927,-0.733507,-1.314399,32.379124,-0.483609,-1.121741,32.219646,-0.733507,-0.938483,32.049450
	],