{"farPlane": 420.733, "nearPlane": 0.0422736, "upVector": [-0.84349, -0.259667, 0.47021],"targetPosition": [-1.08666, 1.73129, -3.01173], "eyePosition": [35.5349, -181.673, -38.6003]}
