{
	"metadata" : {
		"formatVersion" : 3,
		"description" : "Exported from LibZinc."
	},

	"materials" : [ {
	"DbgColor" : 15658734,
	"DbgIndex" : 0,
	"DbgName" : "my_material",
	"colorDiffuse" : [0.5, 0.12, 0.1],
	"colorSpecular" : [0.3, 0.5, 0.5],
	"shading" : "Phong",
	"specularCoef" : 20,
	"opacity" : 1,
	"vertexColors" : true
	}],

	"vertices" : [
		5.580170,-2.720068,4.294034,6.569419,-1.367492,4.364820,6.569419,-1.367492,4.364820,7.203199,0.054512,4.344458,7.203199,0.054512,4.344458,7.525624,1.520953,4.278454,7.525624,1.520953,4.278454,7.580808,3.006837,4.212313,7.580808,3.006837,4.212313,7.424275,4.450888,4.246034,
		7.424275,4.450888,4.246034,7.058664,5.830659,4.432663,7.058664,5.830659,4.432663,6.448765,7.179407,4.747275,6.448765,7.179407,4.747275,5.559366,8.530388,5.164946,4.197718,-1.159676,5.919761,4.454030,-0.177231,6.423305,4.454030,-0.177231,6.423305,4.662735,0.805850,6.878150,
		4.662735,0.805850,6.878150,4.823071,1.804965,7.284933,4.823071,1.804965,7.284933,4.934280,2.835513,7.644291,5.580170,-2.720068,4.294034,5.361395,-2.492033,4.656768,5.361395,-2.492033,4.656768,5.166513,-2.272750,4.987830,5.166513,-2.272750,4.987830,4.832847,-1.887028,5.378426,
		4.832847,-1.887028,5.378426,4.197718,-1.159676,5.919761,7.580808,3.006837,4.212313,7.163357,2.944805,4.917158,7.163357,2.944805,4.917158,6.604948,2.894014,5.781330,6.604948,2.894014,5.781330,5.872838,2.856803,6.718988,5.872838,2.856803,6.718988,4.934280,2.835513,7.644291,
		4.934280,2.835513,7.644291,4.963757,3.897678,7.870091,4.963757,3.897678,7.870091,4.892586,4.987231,7.910649,4.892586,4.987231,7.910649,4.740551,6.112950,7.818274,4.740551,6.112950,7.818274,4.527432,7.283616,7.645280,5.559366,8.530388,5.164946,5.376795,8.365027,5.618897,
		5.376795,8.365027,5.618897,5.216887,8.205282,6.038545,5.216887,8.205282,6.038545,4.970236,7.896397,6.641476,4.970236,7.896397,6.641476,4.527432,7.283616,7.645280,-0.889039,-5.315223,3.307281,0.839774,-5.224005,3.350747,0.839774,-5.224005,3.350747,2.589890,-4.733511,3.658403,
		2.589890,-4.733511,3.658403,4.217844,-3.885085,4.037187,4.217844,-3.885085,4.037187,5.580170,-2.720068,4.294034,-0.889039,-5.315223,3.307281,-0.785252,-4.356722,3.847986,-0.785252,-4.356722,3.847986,-0.671434,-3.267210,4.509302,-0.671434,-3.267210,4.509302,-0.555499,-2.154040,5.259500,
		-0.555499,-2.154040,5.259500,-0.445364,-1.124566,6.066851,4.197718,-1.159676,5.919761,3.061038,-1.148879,5.961056,3.061038,-1.148879,5.961056,1.899598,-1.097260,5.923141,1.899598,-1.097260,5.923141,0.726448,-1.068072,5.920308,0.726448,-1.068072,5.920308,-0.445364,-1.124566,6.066851,
		-0.445364,-1.124566,6.066851,-0.351930,-0.201030,6.918660,-0.351930,-0.201030,6.918660,-0.281183,0.714067,7.769915,-0.281183,0.714067,7.769915,-0.233656,1.692988,8.540407,-0.233656,1.692988,8.540407,-0.209884,2.807994,9.149929,4.934280,2.835513,7.644291,3.798489,2.820819,8.389942,
		3.798489,2.820819,8.389942,2.529517,2.806587,8.867654,2.529517,2.806587,8.867654,1.176886,2.799937,9.110093,1.176886,2.799937,9.110093,-0.209884,2.807994,9.149929,-0.209884,2.807994,9.149929,-0.189635,3.991829,9.361023,-0.189635,3.991829,9.361023,-0.156190,5.135599,9.126844,
		-0.156190,5.135599,9.126844,-0.115359,6.249107,8.653101,-0.115359,6.249107,8.653101,-0.072953,7.342157,8.145499,4.527432,7.283616,7.645280,3.617024,7.550435,8.399203,3.617024,7.550435,8.399203,2.530725,7.620261,8.616527,2.530725,7.620261,8.616527,1.292684,7.536400,8.473281,
		1.292684,7.536400,8.473281,-0.072953,7.342157,8.145499,-0.072953,7.342157,8.145499,-0.074620,8.469203,7.556981,-0.074620,8.469203,7.556981,-0.139245,9.621346,6.795268,-0.139245,9.621346,6.795268,-0.232494,10.713361,5.998240,-0.232494,10.713361,5.998240,-0.320031,11.660019,5.303776,
		5.559366,8.530388,5.164946,4.388340,9.819800,5.494325,4.388340,9.819800,5.494325,2.987567,10.866444,5.593968,2.987567,10.866444,5.593968,1.402844,11.527467,5.513808,1.402844,11.527467,5.513808,-0.320031,11.660019,5.303776,-6.272068,-2.393844,5.021854,-5.159052,-3.519682,4.678262,
		-5.159052,-3.519682,4.678262,-3.895629,-4.408799,4.148282,-3.895629,-4.408799,4.148282,-2.474668,-5.020782,3.626445,-2.474668,-5.020782,3.626445,-0.889039,-5.315223,3.307281,-6.272068,-2.393844,5.021854,-6.102602,-2.300682,5.463914,-6.102602,-2.300682,5.463914,-5.948557,-2.199812,5.877803,
		-5.948557,-2.199812,5.877803,-5.648282,-1.937968,6.328006,-5.648282,-1.937968,6.328006,-5.040123,-1.361880,6.879005,-0.445364,-1.124566,6.066851,-1.620112,-1.268548,6.366658,-1.620112,-1.268548,6.366658,-2.794131,-1.407878,6.674688,-2.794131,-1.407878,6.674688,-3.942456,-1.464880,6.881838,
		-3.942456,-1.464880,6.881838,-5.040123,-1.361880,6.879005,-5.040123,-1.361880,6.879005,-5.226974,-0.342438,7.267828,-5.226974,-0.342438,7.267828,-5.304790,0.717744,7.492702,-5.304790,0.717744,7.492702,-5.293565,1.801024,7.577336,-5.293565,1.801024,7.577336,-5.213293,2.889760,7.545440,
		-0.209884,2.807994,9.149929,-1.566142,2.847106,8.982460,-1.566142,2.847106,8.982460,-2.856188,2.901322,8.620216,-2.856188,2.901322,8.620216,-4.073934,2.929316,8.121706,-4.073934,2.929316,8.121706,-5.213293,2.889760,7.545440,-5.213293,2.889760,7.545440,-5.074124,3.908698,7.422924,
		-5.074124,3.908698,7.422924,-4.886024,4.827581,7.210287,-4.886024,4.827581,7.210287,-4.668709,5.696264,6.893125,-4.668709,5.696264,6.893125,-4.441895,6.564602,6.457033,-0.072953,7.342157,8.145499,-1.389248,7.136620,7.826869,-1.389248,7.136620,7.826869,-2.525765,6.964259,7.516484,
		-2.525765,6.964259,7.516484,-3.528111,6.786459,7.098491,-3.528111,6.786459,7.098491,-4.441895,6.564602,6.457033,-4.441895,6.564602,6.457033,-5.001199,7.098754,5.489223,-5.001199,7.098754,5.489223,-5.421928,7.498559,5.004023,-5.421928,7.498559,5.004023,-5.797449,7.844110,4.752278,
		-5.797449,7.844110,4.752278,-6.221124,8.215504,4.484833,-0.320031,11.660019,5.303776,-2.045208,11.252787,5.058270,-2.045208,11.252787,5.058270,-3.635574,10.466323,4.839172,-3.635574,10.466323,4.839172,-5.043441,9.415578,4.647641,-5.043441,9.415578,4.647641,-6.221124,8.215504,4.484833,
		-6.272068,-2.393844,5.021854,-7.160768,-1.151670,5.107985,-7.160768,-1.151670,5.107985,-7.761952,0.120855,5.034437,-7.761952,0.120855,5.034437,-8.098813,1.434923,4.859957,-8.098813,1.434923,4.859957,-8.194544,2.801725,4.643293,-5.213293,2.889760,7.545440,-6.217922,2.828239,6.860832,
		-6.217922,2.828239,6.860832,-7.042607,2.805474,6.073612,-7.042607,2.805474,6.073612,-7.697948,2.802843,5.296770,-7.697948,2.802843,5.296770,-8.194544,2.801725,4.643293,-8.194544,2.801725,4.643293,-8.072832,4.201555,4.468050,-8.072832,4.201555,4.468050,-7.722630,5.588853,4.380946,
		-7.722630,5.588853,4.380946,-7.115030,6.936032,4.385401,-7.115030,6.936032,4.385401,-6.221124,8.215504,4.484833
	],

	"faces": [
		0 ,0,1,2,
		0 ,3,4,5,
		0 ,6,7,8,
		0 ,9,10,11,
		0 ,12,13,14,
		0 ,15,16,17,
		0 ,18,19,20,
		0 ,21,22,23,
		0 ,24,25,26,
		0 ,27,28,29,
		0 ,30,31,32,
		0 ,33,34,35,
		0 ,36,37,38,
		0 ,39,40,41,
		0 ,42,43,44,
		0 ,45,46,47,
		0 ,48,49,50,
		0 ,51,52,53,
		0 ,54,55,56,
		0 ,57,58,59,
		0 ,60,61,62,
		0 ,63,64,65,
		0 ,66,67,68,
		0 ,69,70,71,
		0 ,72,73,74,
		0 ,75,76,77,
		0 ,78,79,80,
		0 ,81,82,83,
		0 ,84,85,86,
		0 ,87,88,89,
		0 ,90,91,92,
		0 ,93,94,95,
		0 ,96,97,98,
		0 ,99,100,101,
		0 ,102,103,104,
		0 ,105,106,107,
		0 ,108,109,110,
		0 ,111,112,113,
		0 ,114,115,116,
		0 ,117,118,119,
		0 ,120,121,122,
		0 ,123,124,125,
		0 ,126,127,128,
		0 ,129,130,131,
		0 ,132,133,134,
		0 ,135,136,137,
		0 ,138,139,140,
		0 ,141,142,143,
		0 ,144,145,146,
		0 ,147,148,149,
		0 ,150,151,152,
		0 ,153,154,155,
		0 ,156,157,158,
		0 ,159,160,161,
		0 ,162,163,164,
		0 ,165,166,167,
		0 ,168,169,170,
		0 ,171,172,173,
		0 ,174,175,176,
		0 ,177,178,179,
		0 ,180,181,182,
		0 ,183,184,185,
		0 ,186,187,188,
		0 ,189,190,191,
		0 ,192,193,194,
		0 ,195,196,197,
		0 ,198,199,200,
		0 ,201,202,203,
		0 ,204,205,206,
		0 ,207,208,209,
		0 ,210,211,212,
		0 ,213,214,215,
		0 ,216,217,218,
		0 ,219,220,221
,		0 ,222,223,223
	]

}
