{"farPlane": 18.888496343452232, "nearPlane": 0.0019147588590018977, "eyePosition": [-3.131367676184232, 2.4147216617260767, -0.3277755229581146], "targetPosition": [-0.029702186584472656, -0.11428813636302948, -0.3020431697368622], "upVector": [0.1339682766482079, 0.17422944034405136, 0.9755493852028209], "viewAngle": 0.698131700797731}